"txid","refid","time","type","subtype","aclass","asset","wallet","amount","fee","balance"
"L4UESK-KG3EQ-UFO4T5","QCKDMT-5AQKQ-F5KTGM","2024-03-10 14:22:51.1234","deposit","","currency","ZEUR","spot / main","1000.0000","0.0000","1000.0000"
"LTFMCX-ODMAV-SJB2PO","TY5BOV-TMAVF-E6SKCH","2024-03-11 09:05:00.0000","trade","","currency","ZEUR","spot / main","-500.0000","1.3000","498.7000"
"LPCNTQ-7NAFX-UAHD2X","TY5BOV-TMAVF-E6SKCH","2024-03-11 09:05:00.0000","trade","","currency","XXBT","spot / main","0.0100000000","0.0000000000","0.0100000000"
"LOGZRL-RWYDH-CS2VWA","QGBQOU-ZQ4XW-ZQ4XWQ","2024-06-02 18:40:12.5000","withdrawal","","currency","XXBT","spot / main","-0.0050000000","0.0000500000","0.0049500000"
"LSTKNG-A1B2C-D3E4F5","RSTK01-AAAAA-BBBBB","2024-07-01 00:00:00.0000","transfer","spottostaking","currency","ADA","spot / main","-500.000000","0.000000","0.000000"
"LSTKNG-F6G7H-I8J9K0","RSTK01-AAAAA-BBBBB","2024-07-01 00:00:00.0000","transfer","spottostaking","currency","ADA.S","earn / staking","500.000000","0.000000","500.000000"
"LRWRD1-11111-22222","RRWD01-CCCCC-DDDDD","2024-08-01 00:00:00.0000","staking","","currency","ADA.S","earn / staking","2.500000","0.000000","502.500000"
"LDOGE1-33333-44444","RDOG01-EEEEE-FFFFF","2024-09-01 00:00:00.0000","trade","","currency","XXDG","spot / main","1000.00000000","0.00000000","1000.00000000"
"LMYST1-55555-66666","RMYS01-GGGGG-HHHHH","2024-09-02 00:00:00.0000","mysterytype","","currency","ZEUR","spot / main","-1.0000","0.0000","497.7000"
